url,last_successful_submission,bing_last_successful_submission
https://yuceltoluyag.github.io/pdo-sum-fonksiyonu-kullanimi-morris-js/,2025-11-06T14:37:11.481203,2025-11-06T12:16:18.577723
https://yuceltoluyag.github.io/google-indexing-api-nasil-kullanilir/,2025-11-06T14:37:16.823735,2025-11-06T12:16:18.577723
https://yuceltoluyag.github.io/ninja-kamil-ghost-of-tsushima-linux-macerasi/,2025-11-06T14:37:22.129811,2025-11-06T12:16:18.577723
https://yuceltoluyag.github.io/wineprefix-nedir-nasil-kullanilir/,2025-11-06T14:37:27.447135,2025-11-06T12:16:18.577723
https://yuceltoluyag.github.io/oh-my-zsh-ozel-aliaslar-fonksiyonlar/,2025-11-06T14:37:32.742611,2025-11-06T12:16:18.577723
https://yuceltoluyag.github.io/mangohud-ile-oyun-performansi-izleme/,2025-11-06T14:37:37.973969,2025-11-06T12:16:18.577723
https://yuceltoluyag.github.io/ghostmirror-arch-linux-kullanimi/,2025-11-06T14:37:43.304074,2025-11-06T12:16:18.577723
https://yuceltoluyag.github.io/github-sadece-bir-klasor-indirme/,2025-11-06T14:37:48.560686,2025-11-06T12:16:18.577723
https://yuceltoluyag.github.io/dreame-d10-plus-gen-2-inceleme/,2025-11-06T14:37:53.803730,2025-11-06T12:16:18.577723
https://yuceltoluyag.github.io/phpstorm-icinde-cs-fixer-kullanmak/,2025-11-06T14:37:59.138844,2025-11-06T12:16:18.577723
https://yuceltoluyag.github.io/onemli-degisiklikler/,2025-11-06T14:38:04.347790,2025-11-06T12:16:18.577723
https://yuceltoluyag.github.io/cyberpunk-2077-linux-mod-kurulum-rehberi/,2025-11-06T14:38:09.591406,2025-11-06T12:16:18.577723
https://yuceltoluyag.github.io/stremio-nedir-nasil-kullanilir-eklenti-kurulumu-rehberi/,2025-11-06T14:38:14.891706,2025-11-06T12:16:18.577723
https://yuceltoluyag.github.io/git-gpg-imzali-commit-vscode-arch/,2025-11-06T14:38:20.131155,2025-11-06T12:16:18.577723
https://yuceltoluyag.github.io/linux-uefi-windows10-usb/,2025-11-06T14:38:25.387672,2025-11-06T12:16:18.577723
https://yuceltoluyag.github.io/raspberry-pi-nasil-kurulur/,2025-11-06T14:38:30.636946,2025-11-06T12:16:18.577723
https://yuceltoluyag.github.io/arch-linux-linux-firmware-nvidia-hatasi-cozumu/,2025-11-06T14:38:35.867526,2025-11-06T12:16:18.577723
https://yuceltoluyag.github.io/davinci-resolve-20-1-linux-hatasi-cozumu/,2025-11-06T14:38:41.128451,2025-11-06T12:16:18.577723
https://yuceltoluyag.github.io/arch-linux-rise-of-kingdoms-kurulumu/,2025-11-06T14:38:46.365867,2025-11-06T12:16:18.577723
https://yuceltoluyag.github.io/mcp-puppeteer-sunucusu-kurulumu/,2025-11-06T14:38:51.659047,2025-11-06T12:16:18.577723
https://yuceltoluyag.github.io/aws-ec2-openvpn-kurulumu-dns-leak-duzeltilmesi/,2025-11-06T14:38:56.867258,2025-11-06T12:16:18.577723
https://yuceltoluyag.github.io/linux-firewall-ayarlari/,2025-11-06T14:39:02.090068,2025-11-06T12:16:18.577723
https://yuceltoluyag.github.io/linux-disk-sifirlama-rehberi/,2025-11-06T14:39:07.378714,2025-11-06T12:16:18.577723
https://yuceltoluyag.github.io/obs-linux-browser-eklentisi-kurulumu/,2025-11-06T14:39:12.618200,2025-11-06T12:16:18.577723
https://yuceltoluyag.github.io/instagram-klavye-yorum-kutusu-sorunu/,2025-11-06T14:39:17.822431,2025-11-06T12:16:18.577723
https://yuceltoluyag.github.io/guncel-ucretsiz-oyunlar/,2025-11-06T14:39:23.112112,2025-11-06T12:16:18.577723
https://yuceltoluyag.github.io/arch-linux-uzerinde-retroarch-kurulumu/,2025-11-06T14:39:28.387079,2025-11-06T12:16:18.577723
https://yuceltoluyag.github.io/phpstorm-icinde-cmder-kullanmak/,2025-11-06T14:39:33.640207,2025-11-06T12:16:18.577723
https://yuceltoluyag.github.io/arch-linux-laravel-valet-kurulumu/,2025-11-06T14:39:38.837351,2025-11-06T12:16:18.577723
https://yuceltoluyag.github.io/linux-oyunlara-turkce-yama-kurulumu/,2025-11-06T14:39:44.049008,2025-11-06T12:16:18.577723
https://yuceltoluyag.github.io/yunohost-robots-txt-olusturmak/,2025-11-06T14:39:49.290745,2025-11-06T12:16:18.577723
https://yuceltoluyag.github.io/mediatek-imei-onarma-rehberi/,2025-11-06T14:39:54.535711,2025-11-06T12:16:18.577723
https://yuceltoluyag.github.io/github-commit-atma-rehberi/,2025-11-06T14:39:59.787857,2025-11-06T12:16:18.577723
https://yuceltoluyag.github.io/windows-terminalimi-nasil-ozellestiriyorum/,2025-11-06T14:40:05.023005,2025-11-06T12:16:18.577723
https://yuceltoluyag.github.io/arch-linux-usb-guc-yonetimi-ve-kernel-modul-analizi/,2025-11-06T14:40:10.278599,2025-11-06T12:16:18.577723
https://yuceltoluyag.github.io/sweet-alert-kullanimi/,2025-11-06T14:40:15.523910,2025-11-06T12:16:18.577723
https://yuceltoluyag.github.io/laravel-ide-helper-kullanimi/,2025-11-06T14:40:20.720838,2025-11-06T12:16:18.577723
https://yuceltoluyag.github.io/arch-linux-ddos-hizmet-kesintisi/,2025-11-06T14:40:25.960906,2025-11-06T12:16:18.577723
https://yuceltoluyag.github.io/linux-disk-mount-unmount-temel-bilgiler/,2025-11-06T14:40:31.204180,2025-11-06T12:16:18.577723
https://yuceltoluyag.github.io/arch-linux-docker-kurulumu/,2025-11-06T14:40:36.470162,2025-11-06T12:16:18.577723
https://yuceltoluyag.github.io/facebook-toplu-arkadas-ekleme/,2025-11-06T14:40:41.710375,2025-11-06T12:16:18.577723
https://yuceltoluyag.github.io/oh-my-zsh-kurulumu-tema-ve-eklentiler/,2025-11-06T14:40:46.947110,2025-11-06T12:16:18.577723
https://yuceltoluyag.github.io/arch-linux-eski-depolar-temizlenmesi/,2025-11-06T14:40:52.251414,2025-11-06T12:16:18.577723
https://yuceltoluyag.github.io/linux-ta-codeigniter-nasil-kurulur/,2025-11-06T14:40:57.486859,2025-11-06T12:16:18.577723
https://yuceltoluyag.github.io/sublime-text-eklentileri/,2025-11-06T14:41:02.707375,2025-11-06T12:16:18.577723
https://yuceltoluyag.github.io/imap-sunucusuna-openssl-kullanarak-terminal-ile-erisin/,2025-11-06T14:41:07.946998,2025-11-06T12:16:18.577723
https://yuceltoluyag.github.io/arch-linux-lampp-kurulumu-php7x-mariadb-mysql-phpmyadmin/,2025-11-06T14:41:13.219742,2025-11-06T12:16:18.577723
https://yuceltoluyag.github.io/redmi-note-8-pro-custom-rom-kurulumu/,2025-11-06T14:41:18.458333,2025-11-06T12:16:18.577723
https://yuceltoluyag.github.io/arch-linux-flutter-kurulumu/,2025-11-06T14:41:23.705232,2025-11-06T12:16:18.577723
https://yuceltoluyag.github.io/facebook-5000-arkadas-ekleme-sureli/,2025-11-06T14:41:28.946581,2025-11-06T12:16:18.577723
https://yuceltoluyag.github.io/lightdm-xprofile-xinitrc-farki/,2025-11-06T14:41:34.157717,2025-11-06T12:16:18.577723
https://yuceltoluyag.github.io/git-ssh-key-olusturma/,2025-11-06T14:41:39.396053,2025-11-06T12:16:18.577723
https://yuceltoluyag.github.io/gpu-sogutmasinda-sivi-metal-kullanimi-ve-dikkat-edilmesi-gerekenler/,2025-11-06T14:41:44.741826,2025-11-06T12:16:18.577723
https://yuceltoluyag.github.io/arch-linux-cpu-performans-ayarlari/,2025-11-06T14:41:49.976744,2025-11-06T12:16:18.577723
https://yuceltoluyag.github.io/linux-vortex-clair-obscur-expedition-33-mod-kurulumu/,2025-11-06T14:41:55.226228,2025-11-06T12:16:18.577723
https://yuceltoluyag.github.io/windows-uzerinden-paylasilan-dosya-ve-yazicilara-erisim-saglamak/,2025-11-06T14:42:00.461335,2025-11-06T12:16:18.577723
https://yuceltoluyag.github.io/e-sigara-tecrubelerim/,2025-11-06T14:42:05.701735,2025-11-06T12:16:18.577723
https://yuceltoluyag.github.io/oh-my-zsh-kurulumu-temel-ayarlar/,2025-11-06T14:42:10.935908,2025-11-06T12:16:18.577723
https://yuceltoluyag.github.io/playwright-arch-linux-kurulum/,2025-11-06T14:42:16.174035,2025-11-06T12:16:18.577723
https://yuceltoluyag.github.io/arch-linux-ntfs-yapilandirma/,2025-11-06T14:42:21.481874,2025-11-06T12:16:18.577723
https://yuceltoluyag.github.io/her-turk-gencinin-izlemesi-gereken-belgeseller-1/,2025-11-06T14:42:26.758941,2025-11-06T12:16:18.577723
https://yuceltoluyag.github.io/pyenv-arch-linux-aur-python-modul-hatalari-cozumleri/,2025-11-06T14:42:32.081470,2025-11-06T12:16:18.577723
https://yuceltoluyag.github.io/vagrant-virtualbox-6-1-uyumluluk/,2025-11-06T14:42:37.324635,2025-11-06T12:16:18.577723
https://yuceltoluyag.github.io/yeni-baslayanlar-linux-surumu/,2025-11-06T14:42:42.648457,2025-11-06T12:16:18.577723
https://yuceltoluyag.github.io/arch-linux-transmission-kurulum/,2025-11-06T14:42:47.949067,2025-11-06T12:16:18.577723
https://yuceltoluyag.github.io/linux-ozellestirilebilir-mp3-oynaticisi-audacious/,2025-11-06T14:42:53.145286,2025-11-06T12:16:18.577723
https://yuceltoluyag.github.io/zsh-icerisinde-shopt-kullanmak/,2025-11-06T14:42:58.423010,2025-11-06T12:16:18.577723
https://yuceltoluyag.github.io/jekyll-google-analytics-sayfa-goruntuleme/,2025-11-06T14:43:03.676515,2025-11-06T12:16:18.577723
https://yuceltoluyag.github.io/arch-linux-apache-lampp-sanal-sunucu-kurulumu/,2025-11-06T14:43:08.949377,2025-11-06T12:16:18.577723
https://yuceltoluyag.github.io/modern-bir-mutt-kurulumu-1-bolum/,2025-11-06T14:43:14.277756,2025-11-06T12:16:18.577723
https://yuceltoluyag.github.io/archlinux-valkey-redis-kurulumu/,2025-11-06T14:43:19.575402,2025-11-06T12:16:18.577723
https://yuceltoluyag.github.io/earn-com-nedir-nasil-kullanilir/,2025-11-06T14:43:24.847439,2025-11-06T12:16:18.577723
https://yuceltoluyag.github.io/yunohost-kurulumu-apt-kilitlenme-hatasi-cozumu/,2025-11-06T14:43:30.100129,2025-11-06T12:16:18.577723
https://yuceltoluyag.github.io/jekyll-staticman-eklentisi-kurulumu/,2025-11-06T14:43:35.369172,2025-11-06T12:16:18.577723
https://yuceltoluyag.github.io/philips-avent-natural-response-cam-biberon/,2025-11-06T14:43:40.577760,2025-11-06T12:16:18.577723
https://yuceltoluyag.github.io/arch-linux-steam-ses-hatasi-cozumu/,2025-11-06T14:43:45.811724,2025-11-06T12:16:18.577723
https://yuceltoluyag.github.io/pelican-ile-staticman-alternatifi-comment-worker-kurulumu/,2025-11-06T14:43:51.088496,2025-11-06T12:16:18.577723
https://yuceltoluyag.github.io/i3lock-uyku-modu-kilit-ekrani/,2025-11-06T14:43:56.415404,2025-11-06T12:16:18.577723
https://yuceltoluyag.github.io/wsl-uzerinde-arch-linux-kurulumu/,2025-11-06T14:44:01.707262,2025-11-06T12:16:18.577723
https://yuceltoluyag.github.io/xampp-ozel-alan-adi/,2025-11-06T14:44:06.976178,2025-11-06T12:16:18.577723
https://yuceltoluyag.github.io/archlinux-virtualbox-vagrant-laravel-phpmyadmin-kurulumu/,2025-11-06T14:44:12.220046,2025-11-06T12:16:18.577723
https://yuceltoluyag.github.io/powershell-profil-onedrive-hatasi-cozumu/,2025-11-06T14:44:17.459141,2025-11-06T12:16:18.577723
https://yuceltoluyag.github.io/git-commit-geri-donme-cherry-pick/,2025-11-06T14:44:22.693434,2025-11-06T12:16:18.577723
https://yuceltoluyag.github.io/arch-linux-nvidia-ekran-karti-kurulumu/,2025-11-06T14:44:28.025856,2025-11-06T12:16:18.577723
https://yuceltoluyag.github.io/2025-veraset-intikal-vergisi-bilgilendirme/,2025-11-06T14:44:33.365054,2025-11-06T12:16:18.577723
https://yuceltoluyag.github.io/arch-linux-ollama-webui-kurulumu-docker/,2025-11-06T14:44:38.756006,2025-11-06T12:16:18.577723
https://yuceltoluyag.github.io/arch-linux-conda-kurulumu/,2025-11-06T14:44:43.961076,2025-11-06T12:16:18.577723
https://yuceltoluyag.github.io/nodejs-sharp-cpp17-derleme-hatasi-cozumu/,2025-11-06T14:44:49.298183,2025-11-06T12:16:18.577723
https://yuceltoluyag.github.io/git-gpg-imzali-etiket/,2025-11-06T14:44:54.623975,2025-11-06T12:16:18.577723
https://yuceltoluyag.github.io/weston-ile-waydroid-modulenotfounderror-hatasi-cozumu/,2025-11-06T14:44:59.872784,2025-11-06T12:16:18.577723
https://yuceltoluyag.github.io/newsboat-rss-feeds-kullanimi/,2025-11-06T14:45:05.148048,2025-11-06T12:16:18.577723
https://yuceltoluyag.github.io/qwen3-mcp-server-aktif-etme/,2025-11-06T14:45:10.387734,2025-11-06T12:16:18.577723
https://yuceltoluyag.github.io/powershell-pyenv-win-kurulum-hatasi-cozumu/,2025-11-06T14:45:15.665691,2025-11-06T12:16:18.577723
https://yuceltoluyag.github.io/tavsiye-ettigim-programlar-ve-uygulamalar/,2025-11-06T14:45:20.904092,2025-11-06T12:16:18.577723
https://yuceltoluyag.github.io/veda-rise-of-kingdom-bot/,2025-11-06T14:45:26.144150,2025-11-06T12:16:18.577723
https://yuceltoluyag.github.io/vlsub-ile-altyazi-aramaya-son/,2025-11-06T14:45:31.394166,2025-11-06T12:16:18.577723
https://yuceltoluyag.github.io/spotify-muzik-indirme/,2025-11-06T14:45:36.682484,2025-11-06T12:16:18.577723
https://yuceltoluyag.github.io/steam-debian-oyun-acilmiyor-wrong-elf-class-libgamemodeauto-hatasi-cozumu/,2025-11-06T14:45:41.923650,2025-11-06T12:16:18.577723
https://yuceltoluyag.github.io/windows-uzerinde-redshift-kullanimi/,2025-11-06T14:45:47.159799,2025-11-06T12:16:18.577723
https://yuceltoluyag.github.io/arch-linux-waydroid-kurulumu/,2025-11-06T14:45:52.397933,2025-11-06T12:16:18.577723
https://yuceltoluyag.github.io/linux-ta-httrack-kullanimi/,2025-11-06T14:45:57.653046,2025-11-06T12:16:18.577723
https://yuceltoluyag.github.io/facebook-gruba-toplu-arkadas-ekleme/,2025-11-06T14:46:02.889239,2025-11-06T12:16:18.577723
https://yuceltoluyag.github.io/arch-linux-disk-alani-gorunmuyor-cozum/,2025-11-06T14:46:08.140369,2025-11-06T12:16:18.577723
https://yuceltoluyag.github.io/facebook-otomatik-arkadas-ekleme-sureli-secimli/,2025-11-06T14:46:13.377906,2025-11-06T12:16:18.577723
https://yuceltoluyag.github.io/linux-tema-nasil-yuklenir/,2025-11-06T14:46:18.614131,2025-11-06T12:16:18.577723
https://yuceltoluyag.github.io/ssh-gpg-yedekleme-geri-yukleme/,2025-11-06T14:46:23.856036,2025-11-06T12:16:18.577723
https://yuceltoluyag.github.io/arch-linux-waydroid-internet-sorunu-cozumu/,2025-11-06T14:46:29.097488,2025-11-06T12:16:18.577723
https://yuceltoluyag.github.io/autocut-otomatik-video-kesme-markdown-rehberi/,2025-11-06T14:46:34.341918,2025-11-06T12:16:18.577723
https://yuceltoluyag.github.io/claws-sonic-v1-rgb-spectrum-kulaklik-incelemesi/,2025-11-06T14:46:39.582168,2025-11-06T12:16:18.577723
https://yuceltoluyag.github.io/composer-yavas-indirme-sorunu-cozumu/,2025-11-06T14:46:44.826218,2025-11-06T12:16:18.577723
https://yuceltoluyag.github.io/pelican-redirect-eklentisi/,2025-11-06T14:46:50.070149,2025-11-06T12:16:18.577723
https://yuceltoluyag.github.io/linux-apache2-mysql-phpmyadmin-kurulumu/,2025-11-06T14:46:55.308383,2025-11-06T12:16:18.577723
https://yuceltoluyag.github.io/terminator-git-curl-fish-kurulumu/,2025-11-06T14:47:00.603540,2025-11-06T12:16:18.577723
https://yuceltoluyag.github.io/en/philips-avent-natural-response-cam-biberon/,2025-11-06T22:35:04.705159,2025-11-06T22:33:15.729001
https://yuceltoluyag.github.io/en/wineprefix-nedir-nasil-kullanilir/,2025-11-06T22:35:10.161572,2025-11-06T22:33:15.729001
https://yuceltoluyag.github.io/en/linux-vortex-clair-obscur-expedition-33-mod-kurulumu/,2025-11-06T22:35:15.544040,2025-11-06T22:33:15.729001
https://yuceltoluyag.github.io/en/claws-sonic-v1-rgb-spectrum-kulaklik-incelemesi/,2025-11-06T22:35:20.925484,2025-11-06T22:33:15.729001
https://yuceltoluyag.github.io/en/composer-yavas-indirme-sorunu-cozumu/,2025-11-06T22:35:26.308765,2025-11-06T22:33:15.729001
https://yuceltoluyag.github.io/en/tavsiye-ettigim-programlar-ve-uygulamalar/,2025-11-06T22:35:31.543045,2025-11-06T22:33:15.729001
https://yuceltoluyag.github.io/en/powershell-profil-onedrive-hatasi-cozumu/,2025-11-06T22:35:36.905076,2025-11-06T22:33:15.729001
https://yuceltoluyag.github.io/en/weston-ile-waydroid-modulenotfounderror-hatasi-cozumu/,2025-11-06T22:35:42.275421,2025-11-06T22:33:15.729001
https://yuceltoluyag.github.io/en/yunohost-kurulumu-apt-kilitlenme-hatasi-cozumu/,2025-11-06T22:35:47.652598,2025-11-06T22:33:15.729001
https://yuceltoluyag.github.io/en/xampp-ozel-alan-adi/,2025-11-06T22:35:52.968500,2025-11-06T22:33:15.729001
https://yuceltoluyag.github.io/en/jekyll-google-analytics-sayfa-goruntuleme/,2025-11-06T22:35:58.229282,2025-11-06T22:33:15.729001
https://yuceltoluyag.github.io/en/linux-oyunlara-turkce-yama-kurulumu/,2025-11-06T22:36:03.610501,2025-11-06T22:33:15.729001
https://yuceltoluyag.github.io/en/arch-linux-apache-lampp-sanal-sunucu-kurulumu/,2025-11-06T22:36:08.908364,2025-11-06T22:33:15.729001
https://yuceltoluyag.github.io/en/arch-linux-transmission-kurulum/,2025-11-06T22:36:14.223394,2025-11-06T22:33:15.729001
https://yuceltoluyag.github.io/en/git-gpg-imzali-commit-vscode-arch/,2025-11-06T22:36:19.519720,2025-11-06T22:33:15.729001
https://yuceltoluyag.github.io/en/steam-debian-oyun-acilmiyor-wrong-elf-class-libgamemodeauto-hatasi-cozumu/,2025-11-06T22:36:24.834679,2025-11-06T22:33:15.729001
https://yuceltoluyag.github.io/en/yeni-baslayanlar-linux-surumu/,2025-11-06T22:36:30.079231,2025-11-06T22:33:15.729001
https://yuceltoluyag.github.io/en/linux-apache2-mysql-phpmyadmin-kurulumu/,2025-11-06T22:36:35.695106,2025-11-06T22:33:15.729001
https://yuceltoluyag.github.io/en/arch-linux-ntfs-yapilandirma/,2025-11-06T22:36:40.993633,2025-11-06T22:33:15.729001
https://yuceltoluyag.github.io/en/nodejs-sharp-cpp17-derleme-hatasi-cozumu/,2025-11-06T22:36:46.349811,2025-11-06T22:33:15.729001
https://yuceltoluyag.github.io/en/arch-linux-ddos-hizmet-kesintisi/,2025-11-06T22:36:51.660355,2025-11-06T22:33:15.729001
https://yuceltoluyag.github.io/en/github-sadece-bir-klasor-indirme/,2025-11-06T22:36:56.962584,2025-11-06T22:33:15.729001
https://yuceltoluyag.github.io/en/vagrant-virtualbox-6-1-uyumluluk/,2025-11-06T22:37:02.263077,2025-11-06T22:33:15.729001
https://yuceltoluyag.github.io/en/arch-linux-flutter-kurulumu/,2025-11-06T22:37:07.569319,2025-11-06T22:33:15.729001
https://yuceltoluyag.github.io/en/ghostmirror-arch-linux-kullanimi/,2025-11-06T22:37:13.141645,2025-11-06T22:33:15.729001
https://yuceltoluyag.github.io/en/linux-ta-httrack-kullanimi/,2025-11-06T22:37:18.439371,2025-11-06T22:33:15.729001
https://yuceltoluyag.github.io/en/linux-disk-sifirlama-rehberi/,2025-11-06T22:37:23.662034,2025-11-06T22:33:15.729001
https://yuceltoluyag.github.io/en/pelican-redirect-eklentisi/,2025-11-06T22:37:29.019309,2025-11-06T22:33:15.729001
https://yuceltoluyag.github.io/en/linux-uefi-windows10-usb/,2025-11-06T22:37:34.322844,2025-11-06T22:33:15.729001
https://yuceltoluyag.github.io/en/vlsub-ile-altyazi-aramaya-son/,2025-11-06T22:37:39.621188,2025-11-06T22:33:15.729001
https://yuceltoluyag.github.io/en/google-indexing-api-nasil-kullanilir/,2025-11-06T22:37:44.959510,2025-11-06T22:33:15.729001
https://yuceltoluyag.github.io/en/zsh-icerisinde-shopt-kullanmak/,2025-11-06T22:37:50.186692,2025-11-06T22:33:15.729001
https://yuceltoluyag.github.io/en/yunohost-robots-txt-olusturmak/,2025-11-06T22:37:55.491644,2025-11-06T22:33:15.729001
https://yuceltoluyag.github.io/en/raspberry-pi-nasil-kurulur/,2025-11-06T22:38:00.778623,2025-11-06T22:33:15.729001
https://yuceltoluyag.github.io/en/autocut-otomatik-video-kesme-markdown-rehberi/,2025-11-06T22:38:06.079995,2025-11-06T22:33:15.729001
https://yuceltoluyag.github.io/en/arch-linux-docker-kurulumu/,2025-11-06T22:38:11.393827,2025-11-06T22:33:15.729001
https://yuceltoluyag.github.io/en/powershell-pyenv-win-kurulum-hatasi-cozumu/,2025-11-06T22:38:16.624077,2025-11-06T22:33:15.729001
https://yuceltoluyag.github.io/en/github-commit-atma-rehberi/,2025-11-06T22:38:21.871771,2025-11-06T22:33:15.729001
https://yuceltoluyag.github.io/en/arch-linux-nvidia-ekran-karti-kurulumu/,2025-11-06T22:38:27.172603,2025-11-06T22:33:15.729001
https://yuceltoluyag.github.io/en/spotify-muzik-indirme/,2025-11-06T22:38:32.467809,2025-11-06T22:33:15.729001
https://yuceltoluyag.github.io/en/arch-linux-waydroid-kurulumu/,2025-11-06T22:38:37.767395,2025-11-06T22:33:15.729001
https://yuceltoluyag.github.io/en/dreame-d10-plus-gen-2-inceleme/,2025-11-06T22:38:43.058604,2025-11-06T22:33:15.729001
https://yuceltoluyag.github.io/en/newsboat-rss-feeds-kullanimi/,2025-11-06T22:38:48.295316,2025-11-06T22:33:15.729001
https://yuceltoluyag.github.io/en/i3lock-uyku-modu-kilit-ekrani/,2025-11-06T22:38:53.597112,2025-11-06T22:33:15.729001
https://yuceltoluyag.github.io/en/oh-my-zsh-kurulumu-temel-ayarlar/,2025-11-06T22:38:58.894267,2025-11-06T22:33:15.729001
https://yuceltoluyag.github.io/en/mangohud-ile-oyun-performansi-izleme/,2025-11-06T22:39:04.134038,2025-11-06T22:33:15.729001
https://yuceltoluyag.github.io/en/arch-linux-laravel-valet-kurulumu/,2025-11-06T22:39:09.393437,2025-11-06T22:33:15.729001
https://yuceltoluyag.github.io/en/instagram-klavye-yorum-kutusu-sorunu/,2025-11-06T22:39:14.687473,2025-11-06T22:33:15.729001
https://yuceltoluyag.github.io/en/arch-linux-steam-ses-hatasi-cozumu/,2025-11-06T22:39:19.986646,2025-11-06T22:33:15.729001
https://yuceltoluyag.github.io/en/sublime-text-eklentileri/,2025-11-06T22:39:25.291827,2025-11-06T22:33:15.729001
https://yuceltoluyag.github.io/en/windows-terminalimi-nasil-ozellestiriyorum/,2025-11-06T22:39:30.590768,2025-11-06T22:33:15.729001
https://yuceltoluyag.github.io/en/aws-ec2-openvpn-kurulumu-dns-leak-duzeltilmesi/,2025-11-06T22:39:35.878142,2025-11-06T22:33:15.729001
https://yuceltoluyag.github.io/en/imap-sunucusuna-openssl-kullanarak-terminal-ile-erisin/,2025-11-06T22:39:41.200853,2025-11-06T22:33:15.729001
https://yuceltoluyag.github.io/en/jekyll-staticman-eklentisi-kurulumu/,2025-11-06T22:39:46.473500,2025-11-06T22:33:15.729001
https://yuceltoluyag.github.io/en/phpstorm-icinde-cs-fixer-kullanmak/,2025-11-06T22:39:51.779769,2025-11-06T22:33:15.729001
https://yuceltoluyag.github.io/en/playwright-arch-linux-kurulum/,2025-11-06T22:39:57.143962,2025-11-06T22:33:15.729001
https://yuceltoluyag.github.io/en/arch-linux-disk-alani-gorunmuyor-cozum/,2025-11-06T22:40:02.724950,2025-11-06T22:33:15.729001
https://yuceltoluyag.github.io/en/arch-linux-cpu-performans-ayarlari/,2025-11-06T22:40:07.967969,2025-11-06T22:33:15.729001
https://yuceltoluyag.github.io/en/redmi-note-8-pro-custom-rom-kurulumu/,2025-11-06T22:40:13.197716,2025-11-06T22:33:15.729001
https://yuceltoluyag.github.io/en/arch-linux-conda-kurulumu/,2025-11-06T22:40:18.413794,2025-11-06T22:33:15.729001
https://yuceltoluyag.github.io/en/onemli-degisiklikler/,2025-11-06T22:40:23.759149,2025-11-06T22:33:15.729001
https://yuceltoluyag.github.io/en/windows-uzerinde-redshift-kullanimi/,2025-11-06T22:40:28.996504,2025-11-06T22:33:15.729001
https://yuceltoluyag.github.io/en/archlinux-virtualbox-vagrant-laravel-phpmyadmin-kurulumu/,2025-11-06T22:40:34.213556,2025-11-06T22:33:15.729001
https://yuceltoluyag.github.io/en/davinci-resolve-20-1-linux-hatasi-cozumu/,2025-11-06T22:40:39.512510,2025-11-06T22:33:15.729001
https://yuceltoluyag.github.io/en/arch-linux-waydroid-internet-sorunu-cozumu/,2025-11-06T22:40:44.820865,2025-11-06T22:33:15.729001
https://yuceltoluyag.github.io/en/obs-linux-browser-eklentisi-kurulumu/,2025-11-06T22:40:50.082350,2025-11-06T22:33:15.729001
https://yuceltoluyag.github.io/en/linux-disk-mount-unmount-temel-bilgiler/,2025-11-06T22:40:55.367043,2025-11-06T22:33:15.729001
https://yuceltoluyag.github.io/en/linux-ozellestirilebilir-mp3-oynaticisi-audacious/,2025-11-06T22:41:00.610894,2025-11-06T22:33:15.729001
https://yuceltoluyag.github.io/en/otomatik-bing-indexnow-kullanimi/,2025-11-06T22:41:05.974662,2025-11-06T22:33:15.729001
https://yuceltoluyag.github.io/en/e-sigara-tecrubelerim/,2025-11-06T22:41:11.319252,2025-11-06T22:33:15.729001
https://yuceltoluyag.github.io/en/oh-my-zsh-ozel-aliaslar-fonksiyonlar/,2025-11-06T22:41:16.651979,2025-11-06T22:33:15.729001
https://yuceltoluyag.github.io/en/arch-linux-ollama-webui-kurulumu-docker/,2025-11-06T22:41:21.958704,2025-11-06T22:33:15.729001
https://yuceltoluyag.github.io/en/pdo-sum-fonksiyonu-kullanimi-morris-js/,2025-11-06T22:41:27.209197,2025-11-06T22:33:15.729001
https://yuceltoluyag.github.io/en/pyenv-arch-linux-aur-python-modul-hatalari-cozumleri/,2025-11-06T22:41:32.442194,2025-11-06T22:33:15.729001
https://yuceltoluyag.github.io/en/wsl-uzerinde-arch-linux-kurulumu/,2025-11-06T22:41:37.741951,2025-11-06T22:33:15.729001
https://yuceltoluyag.github.io/en/ssh-gpg-yedekleme-geri-yukleme/,2025-11-06T22:41:43.095334,2025-11-06T22:33:15.729001
https://yuceltoluyag.github.io/en/sweet-alert-kullanimi/,2025-11-06T22:41:48.402993,2025-11-06T22:33:15.729001
https://yuceltoluyag.github.io/en/arch-linux-uzerinde-retroarch-kurulumu/,2025-11-06T22:41:53.637194,2025-11-06T22:33:15.729001
https://yuceltoluyag.github.io/en/veda-rise-of-kingdom-bot/,2025-11-06T22:41:58.921506,2025-11-06T22:33:15.729001
https://yuceltoluyag.github.io/en/windows-uzerinden-paylasilan-dosya-ve-yazicilara-erisim-saglamak/,2025-11-06T22:42:04.162466,2025-11-06T22:33:15.729001
https://yuceltoluyag.github.io/en/terminator-git-curl-fish-kurulumu/,2025-11-06T22:42:09.465291,2025-11-06T22:33:15.729001
https://yuceltoluyag.github.io/en/git-commit-geri-donme-cherry-pick/,2025-11-06T22:42:14.711060,2025-11-06T22:33:15.729001
https://yuceltoluyag.github.io/en/linux-firewall-ayarlari/,2025-11-06T22:42:19.998765,2025-11-06T22:33:15.729001
https://yuceltoluyag.github.io/en/arch-linux-rise-of-kingdoms-kurulumu/,2025-11-06T22:42:25.234061,2025-11-06T22:33:15.729001
https://yuceltoluyag.github.io/en/arch-linux-linux-firmware-nvidia-hatasi-cozumu/,2025-11-06T22:42:30.559955,2025-11-06T22:33:15.729001
https://yuceltoluyag.github.io/en/arch-linux-usb-guc-yonetimi-ve-kernel-modul-analizi/,2025-11-06T22:42:35.860710,2025-11-06T22:33:15.729001
https://yuceltoluyag.github.io/en/arch-linux-lampp-kurulumu-php7x-mariadb-mysql-phpmyadmin/,2025-11-06T22:42:41.133800,2025-11-06T22:33:15.729001
https://yuceltoluyag.github.io/en/mcp-puppeteer-sunucusu-kurulumu/,2025-11-06T22:42:46.481436,2025-11-06T22:33:15.729001
https://yuceltoluyag.github.io/en/linux-ta-codeigniter-nasil-kurulur/,2025-11-06T22:42:51.857140,2025-11-06T22:33:15.729001
https://yuceltoluyag.github.io/en/laravel-ide-helper-kullanimi/,2025-11-06T22:42:57.082661,2025-11-06T22:33:15.729001
https://yuceltoluyag.github.io/en/pelican-ile-staticman-alternatifi-comment-worker-kurulumu/,2025-11-06T22:43:02.386809,2025-11-06T22:33:15.729001
https://yuceltoluyag.github.io/en/phpstorm-icinde-cmder-kullanmak/,2025-11-08T00:10:12.204033,2025-11-06T22:33:15.729001
https://yuceltoluyag.github.io/en/modern-bir-mutt-kurulumu-1-bolum/,2025-11-08T00:10:17.537529,2025-11-06T22:33:15.729001
https://yuceltoluyag.github.io/en/gpu-sogutmasinda-sivi-metal-kullanimi-ve-dikkat-edilmesi-gerekenler/,2025-11-08T00:10:22.861035,2025-11-06T22:33:15.729001
https://yuceltoluyag.github.io/en/ninja-kamil-ghost-of-tsushima-linux-macerasi/,2025-11-08T00:10:28.162545,2025-11-06T22:33:15.729001
https://yuceltoluyag.github.io/en/cyberpunk-2077-linux-mod-kurulum-rehberi/,2025-11-08T00:10:33.510981,2025-11-06T22:33:15.729001
https://yuceltoluyag.github.io/en/lightdm-xprofile-xinitrc-farki/,2025-11-08T00:10:38.905257,2025-11-06T22:33:15.729001
https://yuceltoluyag.github.io/en/linux-tema-nasil-yuklenir/,2025-11-08T00:10:44.246350,2025-11-06T22:33:15.729001
https://yuceltoluyag.github.io/en/stremio-nedir-nasil-kullanilir-eklenti-kurulumu-rehberi/,2025-11-08T00:10:49.530708,2025-11-06T22:33:15.729001
https://yuceltoluyag.github.io/en/git-ssh-key-olusturma/,2025-11-08T00:10:54.777596,2025-11-06T22:33:15.729001
https://yuceltoluyag.github.io/en/mediatek-imei-onarma-rehberi/,2025-11-08T00:11:00.046375,2025-11-06T22:33:15.729001
https://yuceltoluyag.github.io/en/qwen3-mcp-server-aktif-etme/,2025-11-08T00:11:05.332406,2025-11-06T22:33:15.729001
https://yuceltoluyag.github.io/en/archlinux-valkey-redis-kurulumu/,2025-11-08T00:11:10.537934,2025-11-06T22:33:15.729001
https://yuceltoluyag.github.io/en/arch-linux-eski-depolar-temizlenmesi/,2025-11-08T00:11:15.828471,2025-11-06T22:33:15.729001
https://yuceltoluyag.github.io/en/oh-my-zsh-kurulumu-tema-ve-eklentiler/,2025-11-08T00:11:21.035885,2025-11-06T22:33:15.729001
https://yuceltoluyag.github.io/en/git-gpg-imzali-etiket/,2025-11-08T00:11:26.320311,2025-11-06T22:33:15.729001
https://yuceltoluyag.github.io/otomatik-bing-indexnow-kullanimi/,2025-11-08T00:11:31.554105,2025-11-06T22:33:15.729001
https://yuceltoluyag.github.io/linux-sudoers-sifresiz-komut-cozumu/,2025-11-12T15:47:05.398304,2025-11-12T15:52:35.538475
https://yuceltoluyag.github.io/en/linux-sudoers-sifresiz-komut-cozumu/,2025-11-12T15:47:15.745880,2025-11-12T15:52:35.538475
https://yuceltoluyag.github.io/en/ai-detector-sacmaliklari/,2025-11-12T15:47:26.100728,2025-11-12T15:52:35.538475
https://yuceltoluyag.github.io/en/usb-bellekten-iso-onyukleme-rehberi/,2025-11-12T15:47:36.447344,2025-11-12T15:52:35.538475
https://yuceltoluyag.github.io/en/bolunmus-rar-dosyalarini-cikarmanin-en-kolay-yolu/,2025-11-12T15:47:46.687085,2025-11-12T15:52:35.538475
https://yuceltoluyag.github.io/davinci-resolve-extras-download-failed/,2025-11-12T15:47:57.041739,2025-11-12T15:52:35.538475
https://yuceltoluyag.github.io/en/davinci-resolve-extras-download-failed/,2025-11-12T15:48:07.344468,2025-11-12T15:52:35.538475
https://yuceltoluyag.github.io/en/github-copilot-commit-mesajlarinizi-otomatik-olarak-tamamlayin/,2025-11-12T15:48:17.560448,2025-11-12T15:52:35.538475
https://yuceltoluyag.github.io/en/arch-linux-postgresql-pgadmin4-kurulum-rehber/,2025-11-12T15:48:27.908569,2025-11-12T15:52:35.538475
https://yuceltoluyag.github.io/en/x11-proton-authenticator-buton-gorunmeme-cozumu/,2025-11-12T15:48:38.309003,2025-11-12T15:52:35.538475
https://yuceltoluyag.github.io/en/arch-linux-dnsmasq-dnscrypt-proxy/,2025-11-12T15:48:48.686707,2025-11-12T15:52:35.538475
https://yuceltoluyag.github.io/ai-detector-sacmaliklari/,2025-11-12T15:48:58.975754,2025-11-12T15:52:35.538475
